{"_class":"document","do_objectID":"2e350cee-b1a2-4c63-9171-6fea768f7bbd","assets":{"_class":"assetCollection","colors":[]},"currentPageIndex":0,"enableLayerInteraction":true,"enableSliceInteraction":true,"foreignSymbols":[],"layerStyles":{"_class":"sharedStyleContainer","objects":[]},"layerSymbols":{"_class":"symbolContainer","objects":[]},"layerTextStyles":{"_class":"sharedTextStyleContainer","objects":[{"_class":"sharedStyle","do_objectID":"f2b4ccf6-aede-4a48-ba7b-aeee5c88d095","name":"elements/links/links-invert","style":{"color":"rgb(255, 255, 255)","fontSize":22,"fontFamily":"Noto Sans","fontWeight":400,"lineHeight":30,"textDecoration":"underline","textAlign":"start","textTransform":"none"}},{"_class":"sharedStyle","do_objectID":"bf0b4dd9-09b7-42f5-b7e2-40bc8333f786","name":"elements/links/links","style":{"color":"rgb(24, 78, 158)","fontSize":22,"fontFamily":"Noto Sans","fontWeight":400,"lineHeight":30,"textDecoration":"underline","textAlign":"start","textTransform":"none"}},{"_class":"sharedStyle","do_objectID":"dfeeb38a-8ee2-491f-9ff2-de3f684721e8","name":"elements/typography/type-blockquote","style":{"color":"rgb(0, 0, 0)","fontSize":22,"fontFamily":"Noto Serif","fontWeight":400,"lineHeight":28,"textDecoration":"none","textAlign":"start","textTransform":"none"}},{"_class":"sharedStyle","do_objectID":"94aa8b84-eb25-47e4-ae2a-bd1554d391fb","name":"elements/typography/type-exposition","style":{"color":"rgb(0, 0, 0)","fontSize":31,"fontFamily":"Noto Serif","fontWeight":400,"lineHeight":41,"textDecoration":"none","textAlign":"start","textTransform":"none"}},{"_class":"sharedStyle","do_objectID":"812716b2-e381-41f4-9b56-0fb7907457d4","name":"elements/typography/type-h1","style":{"color":"rgb(0, 0, 0)","fontSize":39,"fontFamily":"Noto Serif","fontWeight":400,"lineHeight":51,"textDecoration":"none","textAlign":"start","textTransform":"none"}},{"_class":"sharedStyle","do_objectID":"b1e88bd2-ee7a-4c91-a3a1-a451208ef3d1","name":"elements/typography/type-h2","style":{"color":"rgb(0, 0, 0)","fontSize":31,"fontFamily":"Noto Serif","fontWeight":700,"lineHeight":41,"textDecoration":"none","textAlign":"start","textTransform":"none"}},{"_class":"sharedStyle","do_objectID":"5a8fae62-a6d7-42a0-a636-12c99ead86b8","name":"elements/typography/type-h3","style":{"color":"rgb(0, 0, 0)","fontSize":27,"fontFamily":"Noto Serif","fontWeight":700,"lineHeight":35,"textDecoration":"none","textAlign":"start","textTransform":"none"}},{"_class":"sharedStyle","do_objectID":"0387d645-54b2-43b1-b052-f06ee02199aa","name":"elements/typography/type-h4","style":{"color":"rgb(0, 0, 0)","fontSize":23,"fontFamily":"Noto Sans","fontWeight":700,"lineHeight":31,"textDecoration":"none","textAlign":"start","textTransform":"none"}},{"_class":"sharedStyle","do_objectID":"2aef92a3-a644-4e03-b4ef-6585d0b72670","name":"elements/typography/type-h5","style":{"color":"rgb(0, 0, 0)","fontSize":22,"fontFamily":"Noto Sans","fontWeight":400,"lineHeight":28,"textDecoration":"none","textAlign":"start","textTransform":"none"}},{"_class":"sharedStyle","do_objectID":"df811856-8d91-4520-8def-4d674c4bda5d","name":"elements/typography/type-jumbo","style":{"color":"rgb(0, 0, 0)","fontSize":55,"fontFamily":"Noto Serif","fontWeight":400,"lineHeight":72,"textDecoration":"none","textAlign":"start","textTransform":"none"}},{"_class":"sharedStyle","do_objectID":"f4c61814-f621-4054-bb12-b17e7306e6f7","name":"elements/typography/type-supplemental","style":{"color":"rgb(0, 0, 0)","fontSize":22,"fontFamily":"Noto Sans","fontWeight":400,"lineHeight":28,"textDecoration":"none","textAlign":"start","textTransform":"none"}}]},"pages":[]}